<?xml version="1.0" encoding="UTF-8" standalone="no" ?><CAERep ObjId="190" Type="CAERep" Ver="2"><CapabilityId PropType="string">DAN-LP-danik-7744-002559</CapabilityId><DSEnvironmentID PropType="int">49</DSEnvironmentID><ExternalProductVersion PropType="string">2021 R1</ExternalProductVersion><Goal PropType="string">RunSolver</Goal><HasBetaKeyOn PropType="bool">false</HasBetaKeyOn><InProcess PropType="bool">false</InProcess><LastDatabaseId PropType="unsigned int">283</LastDatabaseId><LicenseServer PropType="string">15833@DAN-LP</LicenseServer><NumProcessorsForPost PropType="int">0</NumProcessorsForPost><PID_Legacy_Solve PropType="int">0</PID_Legacy_Solve><PartialCode PropType="int">1</PartialCode><ProductVersion PropType="string">21.1 RELEASE</ProductVersion><ProductVersionForSec PropType="string">21.1</ProductVersionForSec><ProjectName PropType="string">hw_2.2_ansys--Transient (A5)</ProjectName><ReturnCode PropType="int">1</ReturnCode><SolveInvokedFromAddin PropType="int">0</SolveInvokedFromAddin><SysvarMap PropType="map&lt;string,string>"><Entry key="full ansys">ansys</Entry></SysvarMap><EngineeringRep ObjId="191" Type="EngineeringRep" Ver="2"><BCRep ObjId="194" Type="BCRep" Ver="2"><StepEndTimes PropType="vector&lt;double>" UCat="Time" Unt="s"> 3.15</StepEndTimes><Acceleration ObjId="181" Type="Acceleration" Ver="2"><Caption PropType="string">Standard Earth Gravity</Caption><IsBaseExcitation PropType="bool">false</IsBaseExcitation><RefCoordSysId PropType="unsigned int">32</RefCoordSysId><LoadStep ObjId="276" Type="LoadStep" Ver="2"><ActiveBitmask PropType="vector&lt;int>">63</ActiveBitmask><IsActive PropType="vector&lt;bool>">true</IsActive><Number PropType="vector&lt;int>"/></LoadStep><ComponentX ObjId="277" Type="Table" Ver="2"><StepNumber PropType="vector&lt;int>">1,1</StepNumber><Time PropType="vector&lt;double>" UCat="Time" Unt="s">    0, 3.15</Time><Values PropType="vector&lt;double>" UCat="Acceleration" Unt="mm s^-2">    0,    0</Values></ComponentX><ComponentY ObjId="278" Type="Table" Ver="2"><StepNumber PropType="vector&lt;int>">1,1</StepNumber><Time PropType="vector&lt;double>" UCat="Time" Unt="s">    0, 3.15</Time><Values PropType="vector&lt;double>" UCat="Acceleration" Unt="mm s^-2">9806.65,9806.65</Values></ComponentY><ComponentZ ObjId="279" Type="Table" Ver="2"><StepNumber PropType="vector&lt;int>">1,1</StepNumber><Time PropType="vector&lt;double>" UCat="Time" Unt="s">    0, 3.15</Time><Values PropType="vector&lt;double>" UCat="Acceleration" Unt="mm s^-2">    0,    0</Values></ComponentZ></Acceleration><ContactRep ObjId="164" Type="ContactRep" Ver="3"><Behavior PropType="string">ProgramControlled</Behavior><Breakable PropType="string">No</Breakable><Caption PropType="string">Frictionless - C1 To C3</Caption><CondensedPartId PropType="int">0</CondensedPartId><ContactCorrection PropType="string">NoCorrection</ContactCorrection><DecayConstant PropType="double">    0</DecayConstant><DynamicCoefficient PropType="double">    0</DynamicCoefficient><Formulation PropType="string">ProgramControlledContact</Formulation><InitialEffect PropType="string">AddOffsetNoRamp</InitialEffect><IsNative PropType="bool">true</IsNative><MaximumOffset PropType="double" UCat="Length" Unt="m">1e-07</MaximumOffset><RBDContactDetection PropType="string">ProgramControlled</RBDContactDetection><Restitution PropType="double">    1</Restitution><Scoping PropType="vector&lt;string>">165,166</Scoping><ScopingSubset0 PropType="vector&lt;string>">165</ScopingSubset0><ScopingSubset1 PropType="vector&lt;string>">166</ScopingSubset1><SourceBodyIds PropType="vector&lt;unsigned int>">631</SourceBodyIds><StaticCoefficient PropType="double">    0</StaticCoefficient><TargetBodyIds PropType="vector&lt;unsigned int>">511</TargetBodyIds><TargetCorrection PropType="string">NoCorrection</TargetCorrection><TimeStepControls PropType="string">NoPrediction</TimeStepControls><Type PropType="string">Frictionless</Type><UserOffset PropType="double" UCat="Length" Unt="mm">    0</UserOffset><SourceReference ObjId="268" Type="CAERepBase" Ver="2"><ReferenceId PropType="unsigned int">633</ReferenceId><ReferenceType PropType="vector&lt;string>">Cylinder,Face</ReferenceType></SourceReference><TargetReference ObjId="269" Type="CAERepBase" Ver="2"><ReferenceId PropType="unsigned int">521</ReferenceId><ReferenceType PropType="vector&lt;string>">Face,Plane</ReferenceType></TargetReference><Pinball ObjId="267" Type="Pinball" Ver="2"><Type PropType="string">ProgramControlled</Type></Pinball><ProgramControlledContact ObjId="266" Type="ProgramControlledContact" Ver="2"><UpdateStiffness PropType="string">Never</UpdateStiffness><UseAutoElectricalConductance PropType="bool">true</UseAutoElectricalConductance><UseAutoNormalStiffness PropType="bool">true</UseAutoNormalStiffness><UseAutoThermalConductance PropType="bool">true</UseAutoThermalConductance></ProgramControlledContact></ContactRep><ContactRep ObjId="167" Type="ContactRep" Ver="3"><Behavior PropType="string">ProgramControlled</Behavior><Breakable PropType="string">No</Breakable><Caption PropType="string">Frictionless - C3 To C1</Caption><CondensedPartId PropType="int">0</CondensedPartId><ContactCorrection PropType="string">NoCorrection</ContactCorrection><DecayConstant PropType="double">    0</DecayConstant><DynamicCoefficient PropType="double">    0</DynamicCoefficient><Formulation PropType="string">ProgramControlledContact</Formulation><InitialEffect PropType="string">AddOffsetNoRamp</InitialEffect><IsNative PropType="bool">true</IsNative><MaximumOffset PropType="double" UCat="Length" Unt="m">1e-07</MaximumOffset><RBDContactDetection PropType="string">ProgramControlled</RBDContactDetection><Restitution PropType="double">    1</Restitution><Scoping PropType="vector&lt;string>">168,169</Scoping><ScopingSubset0 PropType="vector&lt;string>">168</ScopingSubset0><ScopingSubset1 PropType="vector&lt;string>">169</ScopingSubset1><SourceBodyIds PropType="vector&lt;unsigned int>">511</SourceBodyIds><StaticCoefficient PropType="double">    0</StaticCoefficient><TargetBodyIds PropType="vector&lt;unsigned int>">631</TargetBodyIds><TargetCorrection PropType="string">NoCorrection</TargetCorrection><TimeStepControls PropType="string">NoPrediction</TimeStepControls><Type PropType="string">Frictionless</Type><UserOffset PropType="double" UCat="Length" Unt="mm">    0</UserOffset><SourceReference ObjId="272" Type="CAERepBase" Ver="2"><ReferenceId PropType="unsigned int">519</ReferenceId><ReferenceType PropType="vector&lt;string>">Face,Plane</ReferenceType></SourceReference><TargetReference ObjId="273" Type="CAERepBase" Ver="2"><ReferenceId PropType="unsigned int">638</ReferenceId><ReferenceType PropType="vector&lt;string>">Cylinder,Face</ReferenceType></TargetReference><Pinball ObjId="271" Type="Pinball" Ver="2"><Type PropType="string">ProgramControlled</Type></Pinball><ProgramControlledContact ObjId="270" Type="ProgramControlledContact" Ver="2"><UpdateStiffness PropType="string">Never</UpdateStiffness><UseAutoElectricalConductance PropType="bool">true</UseAutoElectricalConductance><UseAutoNormalStiffness PropType="bool">true</UseAutoNormalStiffness><UseAutoThermalConductance PropType="bool">true</UseAutoThermalConductance></ProgramControlledContact></ContactRep><JointConditionRep ObjId="170" Type="JointConditionRep" Ver="2"><Caption PropType="string">Joint - Rotational Acceleration</Caption><DOF PropType="string">RotZ</DOF><JointSelectionId PropType="unsigned int">131</JointSelectionId><LockAtLoadStep PropType="unsigned int">0</LockAtLoadStep><TableFFTCutoff PropType="double" UCat="Frequency" Unt="Hz">    0</TableFFTCutoff><TableFittingMethod PropType="string">Program Controlled</TableFittingMethod><Type PropType="string">RotationalAcceleration</Type><LoadStep ObjId="275" Type="LoadStep" Ver="2"><ActiveBitmask PropType="vector&lt;int>">63</ActiveBitmask><IsActive PropType="vector&lt;bool>">true</IsActive><Number PropType="vector&lt;int>"/></LoadStep><Magnitude ObjId="274" Type="Table" Ver="2"><StepNumber PropType="vector&lt;int>">1,1</StepNumber><Time PropType="vector&lt;double>" UCat="Time" Unt="s">    0, 3.15</Time><Values PropType="vector&lt;double>" UCat="AngularAcceleration" Unt="rad s^-2">  0.2,  0.2</Values></Magnitude></JointConditionRep><JointRep ObjId="124" Type="JointRep" Ver="2"><Caption PropType="string">Fixed - Ground To Base</Caption><CondensedPartId PropType="int">0</CondensedPartId><DOFMask PropType="unsigned int">119</DOFMask><Formulation PropType="string">MPC</Formulation><MeshReferenceId PropType="unsigned int">654</MeshReferenceId><MobileAnsPoint PropType="unsigned int">126</MobileAnsPoint><MobileCoordinateSysId PropType="unsigned int">127</MobileCoordinateSysId><MobileNodeId PropType="unsigned int">188</MobileNodeId><ReferenceAnsPoint PropType="unsigned int">125</ReferenceAnsPoint><ReferenceCoordinateSysId PropType="unsigned int">127</ReferenceCoordinateSysId><ReferenceNodeId PropType="unsigned int">187</ReferenceNodeId><Scoping PropType="vector&lt;string>">-1,130</Scoping><ScopingType PropType="string">BodyToGround</ScopingType><SolverElementType PropType="string">ProgramControlled</SolverElementType><Type PropType="string">Fixed</Type></JointRep><JointRep ObjId="131" Type="JointRep" Ver="2"><Caption PropType="string">Revolute - Base To C1</Caption><CondensedPartId PropType="int">0</CondensedPartId><DOFMask PropType="unsigned int">55</DOFMask><Formulation PropType="string">MPC</Formulation><MeshReferenceId PropType="unsigned int">659</MeshReferenceId><MobileAnsPoint PropType="unsigned int">133</MobileAnsPoint><MobileCoordinateSysId PropType="unsigned int">134</MobileCoordinateSysId><MobileNodeId PropType="unsigned int">190</MobileNodeId><ReferenceAnsPoint PropType="unsigned int">132</ReferenceAnsPoint><ReferenceCoordinateSysId PropType="unsigned int">134</ReferenceCoordinateSysId><ReferenceNodeId PropType="unsigned int">189</ReferenceNodeId><Scoping PropType="vector&lt;string>">150,135</Scoping><ScopingType PropType="string">BodyToBody</ScopingType><SolverElementType PropType="string">ProgramControlled</SolverElementType><Type PropType="string">Revolute</Type><JointFrictionProperties ObjId="259" Type="JointFrictionProperties" Ver="2"><DynamicFrictionCoefficient PropType="double">    0</DynamicFrictionCoefficient><FrictionEffectiveLength PropType="double" UCat="Length" Unt="mm">    0</FrictionEffectiveLength><FrictionInnerRadius PropType="double" UCat="Length" Unt="mm">    0</FrictionInnerRadius><FrictionOuterRadius PropType="double" UCat="Length" Unt="mm">    0</FrictionOuterRadius><FrictionRadius PropType="double" UCat="Length" Unt="m">    0</FrictionRadius><FrictionType PropType="string">ProgramControlled</FrictionType></JointFrictionProperties><TorsionalProperties ObjId="258" Type="TorsionalProperties" Ver="2"><TorsionalDamping PropType="double" UCat="RotationalDamping" Unt="tonne mm^2 s s^-2 rad^-1">    0</TorsionalDamping><TorsionalStiffness PropType="double" UCat="RotationalStiffness" Unt="tonne mm^2 s^-2 rad^-1">    0</TorsionalStiffness></TorsionalProperties></JointRep><JointRep ObjId="136" Type="JointRep" Ver="2"><Caption PropType="string">Revolute - C1 To C2</Caption><CondensedPartId PropType="int">0</CondensedPartId><DOFMask PropType="unsigned int">55</DOFMask><Formulation PropType="string">MPC</Formulation><MeshReferenceId PropType="unsigned int">664</MeshReferenceId><MobileAnsPoint PropType="unsigned int">138</MobileAnsPoint><MobileCoordinateSysId PropType="unsigned int">139</MobileCoordinateSysId><MobileNodeId PropType="unsigned int">192</MobileNodeId><ReferenceAnsPoint PropType="unsigned int">137</ReferenceAnsPoint><ReferenceCoordinateSysId PropType="unsigned int">139</ReferenceCoordinateSysId><ReferenceNodeId PropType="unsigned int">191</ReferenceNodeId><Scoping PropType="vector&lt;string>">142,143</Scoping><ScopingType PropType="string">BodyToBody</ScopingType><SolverElementType PropType="string">ProgramControlled</SolverElementType><Type PropType="string">Revolute</Type><JointFrictionProperties ObjId="261" Type="JointFrictionProperties" Ver="2"><DynamicFrictionCoefficient PropType="double">    0</DynamicFrictionCoefficient><FrictionEffectiveLength PropType="double" UCat="Length" Unt="mm">    0</FrictionEffectiveLength><FrictionInnerRadius PropType="double" UCat="Length" Unt="mm">    0</FrictionInnerRadius><FrictionOuterRadius PropType="double" UCat="Length" Unt="mm">    0</FrictionOuterRadius><FrictionRadius PropType="double" UCat="Length" Unt="m">    0</FrictionRadius><FrictionType PropType="string">ProgramControlled</FrictionType></JointFrictionProperties><TorsionalProperties ObjId="260" Type="TorsionalProperties" Ver="2"><TorsionalDamping PropType="double" UCat="RotationalDamping" Unt="tonne mm^2 s s^-2 rad^-1">    0</TorsionalDamping><TorsionalStiffness PropType="double" UCat="RotationalStiffness" Unt="tonne mm^2 s^-2 rad^-1">    0</TorsionalStiffness></TorsionalProperties></JointRep><JointRep ObjId="144" Type="JointRep" Ver="2"><Caption PropType="string">Revolute - C3 To C2</Caption><CondensedPartId PropType="int">0</CondensedPartId><DOFMask PropType="unsigned int">55</DOFMask><Formulation PropType="string">MPC</Formulation><MeshReferenceId PropType="unsigned int">669</MeshReferenceId><MobileAnsPoint PropType="unsigned int">146</MobileAnsPoint><MobileCoordinateSysId PropType="unsigned int">147</MobileCoordinateSysId><MobileNodeId PropType="unsigned int">194</MobileNodeId><ReferenceAnsPoint PropType="unsigned int">145</ReferenceAnsPoint><ReferenceCoordinateSysId PropType="unsigned int">147</ReferenceCoordinateSysId><ReferenceNodeId PropType="unsigned int">193</ReferenceNodeId><Scoping PropType="vector&lt;string>">153,154</Scoping><ScopingType PropType="string">BodyToBody</ScopingType><SolverElementType PropType="string">ProgramControlled</SolverElementType><Type PropType="string">Revolute</Type><JointFrictionProperties ObjId="263" Type="JointFrictionProperties" Ver="2"><DynamicFrictionCoefficient PropType="double">    0</DynamicFrictionCoefficient><FrictionEffectiveLength PropType="double" UCat="Length" Unt="mm">    0</FrictionEffectiveLength><FrictionInnerRadius PropType="double" UCat="Length" Unt="mm">    0</FrictionInnerRadius><FrictionOuterRadius PropType="double" UCat="Length" Unt="mm">    0</FrictionOuterRadius><FrictionRadius PropType="double" UCat="Length" Unt="m">    0</FrictionRadius><FrictionType PropType="string">ProgramControlled</FrictionType></JointFrictionProperties><TorsionalProperties ObjId="262" Type="TorsionalProperties" Ver="2"><TorsionalDamping PropType="double" UCat="RotationalDamping" Unt="tonne mm^2 s s^-2 rad^-1">    0</TorsionalDamping><TorsionalStiffness PropType="double" UCat="RotationalStiffness" Unt="tonne mm^2 s^-2 rad^-1">    0</TorsionalStiffness></TorsionalProperties></JointRep><JointRep ObjId="155" Type="JointRep" Ver="2"><Caption PropType="string">Revolute - Base To C3</Caption><CondensedPartId PropType="int">0</CondensedPartId><DOFMask PropType="unsigned int">55</DOFMask><Formulation PropType="string">MPC</Formulation><MeshReferenceId PropType="unsigned int">674</MeshReferenceId><MobileAnsPoint PropType="unsigned int">157</MobileAnsPoint><MobileCoordinateSysId PropType="unsigned int">158</MobileCoordinateSysId><MobileNodeId PropType="unsigned int">196</MobileNodeId><ReferenceAnsPoint PropType="unsigned int">156</ReferenceAnsPoint><ReferenceCoordinateSysId PropType="unsigned int">158</ReferenceCoordinateSysId><ReferenceNodeId PropType="unsigned int">195</ReferenceNodeId><Scoping PropType="vector&lt;string>">161,162</Scoping><ScopingType PropType="string">BodyToBody</ScopingType><SolverElementType PropType="string">ProgramControlled</SolverElementType><Type PropType="string">Revolute</Type><JointFrictionProperties ObjId="265" Type="JointFrictionProperties" Ver="2"><DynamicFrictionCoefficient PropType="double">    0</DynamicFrictionCoefficient><FrictionEffectiveLength PropType="double" UCat="Length" Unt="mm">    0</FrictionEffectiveLength><FrictionInnerRadius PropType="double" UCat="Length" Unt="mm">    0</FrictionInnerRadius><FrictionOuterRadius PropType="double" UCat="Length" Unt="mm">    0</FrictionOuterRadius><FrictionRadius PropType="double" UCat="Length" Unt="m">    0</FrictionRadius><FrictionType PropType="string">ProgramControlled</FrictionType></JointFrictionProperties><TorsionalProperties ObjId="264" Type="TorsionalProperties" Ver="2"><TorsionalDamping PropType="double" UCat="RotationalDamping" Unt="tonne mm^2 s s^-2 rad^-1">    0</TorsionalDamping><TorsionalStiffness PropType="double" UCat="RotationalStiffness" Unt="tonne mm^2 s^-2 rad^-1">    0</TorsionalStiffness></TorsionalProperties></JointRep></BCRep><GeometryAttributes ObjId="192" Type="GeometryAttributes" Ver="2"><AssemblyAttributes ObjId="193" Type="AssemblyAttributes" Ver="2"><ElementOptionControl PropType="string">ProgramControlled</ElementOptionControl><GeometrySource PropType="string">C:\Users\danik\Desktop\hw_2.2_ansys_files\dp0\SYS\DM\SYS.agdb</GeometrySource><Is2DAnalysis PropType="bool">false</Is2DAnalysis><IsMixedDimension PropType="bool">false</IsMixedDimension><PartAttributes ObjId="103" Type="PartAttributes" Ver="2"><Caption PropType="string">C1</Caption><Mass PropType="double" UCat="Mass" Unt="tonne">0.0001223751405143591</Mass><PartId PropType="unsigned int">435</PartId><BodyAttributes ObjId="104" Type="BodyAttributes" Ver="2"><AreNonLinearEffectsOn PropType="bool">true</AreNonLinearEffectsOn><BoundingBoxDiagonal PropType="double" UCat="Length" Unt="mm">127.3071899394716</BoundingBoxDiagonal><Caption PropType="string">C1</Caption><GeometryType PropType="string">Solid</GeometryType><Mass PropType="double" UCat="Mass" Unt="tonne">0.0001223751405143591</Mass><ProtoReferenceId PropType="unsigned int">631</ProtoReferenceId><StiffnessBehavior PropType="string">Rigid</StiffnessBehavior><ThermalStrainCalculation PropType="bool">true</ThermalStrainCalculation><Centroid ObjId="234" Type="DSGePoint3d" Ver="3"><Coordinates PropType="vector&lt;double>" UCat="Length" Unt="mm">44.39958986082407,-7.326421685171989,4.999999888240791</Coordinates></Centroid><MassMomentOfInertia ObjId="233" Type="MassMomentOfInertia" Ver="2"><Ixx PropType="double" UCat="MomentInertiaMass" Unt="tonne mm^2">0.006999938322852364</Ixx><Iyy PropType="double" UCat="MomentInertiaMass" Unt="tonne mm^2">0.1610659625496296</Iyy><Izz PropType="double" UCat="MomentInertiaMass" Unt="tonne mm^2">0.166030406105426</Izz><CoordinateSystemRep ObjId="235" Type="CoordinateSystemRep" Ver="3"><Caption PropType="string">Undefined</Caption><CoordSystemIndex PropType="unsigned int">0</CoordSystemIndex><IsGlobal PropType="bool">false</IsGlobal><Param1 PropType="double">    1</Param1><Param2 PropType="double">    1</Param2><Singularity1 PropType="int">0</Singularity1><Singularity2 PropType="int">0</Singularity2><SolverCoordNumber PropType="unsigned int">0</SolverCoordNumber><Type PropType="string">Cartesian</Type><DSGePoint3d ObjId="237" Type="DSGePoint3d" Ver="3"><Coordinates PropType="vector&lt;double>" UCat="Length" Unt="mm">44.39958986082407,-7.326421685171989,4.999999888240791</Coordinates></DSGePoint3d><Matrix3X3 ObjId="236" Type="Matrix3X3" Ver="2"><IsOrthogonal PropType="bool">false</IsOrthogonal><Row0 PropType="vector&lt;double>">0.9866575440460779,-0.1628093694384997,-6.031523089589933e-13</Row0><Row1 PropType="vector&lt;double>">0.1628093694384997,0.9866575440460779,-5.779849710338487e-11</Row1><Row2 PropType="vector&lt;double>">1.000524164373824e-11,5.692912435448307e-11,    1</Row2></Matrix3X3></CoordinateSystemRep></MassMomentOfInertia><MaterialRep ObjId="232" Type="MaterialRep" Ver="2"><MaterialName PropType="string">Bronze, C51000</MaterialName><ReferenceTemperature PropType="double" UCat="Temperature" Unt="Celsius">   22</ReferenceTemperature><RelaxationTemperature PropType="double" UCat="Temperature" Unt="Celsius">    0</RelaxationTemperature><UnitSystem PropType="int">0</UnitSystem><UseReferenceTemperature PropType="bool">false</UseReferenceTemperature><UseRelaxationTemperature PropType="bool">false</UseRelaxationTemperature></MaterialRep></BodyAttributes><Centroid ObjId="238" Type="DSGePoint3d" Ver="3"><Coordinates PropType="vector&lt;double>" UCat="Length" Unt="mm">44.39958986082407,-7.326421685171989,4.999999888240791</Coordinates></Centroid><MassMomentOfInertia ObjId="239" Type="MassMomentOfInertia" Ver="2"><Ixx PropType="double" UCat="MomentInertiaMass" Unt="tonne mm^2">0.006999938322852364</Ixx><Iyy PropType="double" UCat="MomentInertiaMass" Unt="tonne mm^2">0.1610659625496296</Iyy><Izz PropType="double" UCat="MomentInertiaMass" Unt="tonne mm^2">0.166030406105426</Izz><CoordinateSystemRep ObjId="240" Type="CoordinateSystemRep" Ver="3"><Caption PropType="string">Undefined</Caption><CoordSystemIndex PropType="unsigned int">0</CoordSystemIndex><IsGlobal PropType="bool">false</IsGlobal><Param1 PropType="double">    1</Param1><Param2 PropType="double">    1</Param2><Singularity1 PropType="int">0</Singularity1><Singularity2 PropType="int">0</Singularity2><SolverCoordNumber PropType="unsigned int">0</SolverCoordNumber><Type PropType="string">Cartesian</Type><DSGePoint3d ObjId="242" Type="DSGePoint3d" Ver="3"><Coordinates PropType="vector&lt;double>" UCat="Length" Unt="mm">44.39958986082407,-7.326421685171989,4.999999888240791</Coordinates></DSGePoint3d><Matrix3X3 ObjId="241" Type="Matrix3X3" Ver="2"><IsOrthogonal PropType="bool">false</IsOrthogonal><Row0 PropType="vector&lt;double>">0.9866575440460779,-0.1628093694384997,-6.031523089589928e-13</Row0><Row1 PropType="vector&lt;double>">0.1628093694384997,0.9866575440460779,-5.779849710338487e-11</Row1><Row2 PropType="vector&lt;double>">1.000524164373824e-11,5.692912435448307e-11,    1</Row2></Matrix3X3></CoordinateSystemRep></MassMomentOfInertia></PartAttributes><PartAttributes ObjId="91" Type="PartAttributes" Ver="2"><Caption PropType="string">Base</Caption><Mass PropType="double" UCat="Mass" Unt="tonne">0.00282828033401375</Mass><PartId PropType="unsigned int">429</PartId><BodyAttributes ObjId="92" Type="BodyAttributes" Ver="2"><AreNonLinearEffectsOn PropType="bool">true</AreNonLinearEffectsOn><BoundingBoxDiagonal PropType="double" UCat="Length" Unt="mm">186.5363857965462</BoundingBoxDiagonal><Caption PropType="string">Base</Caption><GeometryType PropType="string">Solid</GeometryType><Mass PropType="double" UCat="Mass" Unt="tonne">0.00282828033401375</Mass><ProtoReferenceId PropType="unsigned int">454</ProtoReferenceId><StiffnessBehavior PropType="string">Rigid</StiffnessBehavior><ThermalStrainCalculation PropType="bool">true</ThermalStrainCalculation><Centroid ObjId="201" Type="DSGePoint3d" Ver="3"><Coordinates PropType="vector&lt;double>" UCat="Length" Unt="mm">16.06757394395967,-52.82322206264585,-9.99999977648158</Coordinates></Centroid><MassMomentOfInertia ObjId="200" Type="MassMomentOfInertia" Ver="2"><Ixx PropType="double" UCat="MomentInertiaMass" Unt="tonne mm^2">4.990524387410295</Ixx><Iyy PropType="double" UCat="MomentInertiaMass" Unt="tonne mm^2">3.404479521803672</Iyy><Izz PropType="double" UCat="MomentInertiaMass" Unt="tonne mm^2">8.20641488924238</Izz><CoordinateSystemRep ObjId="202" Type="CoordinateSystemRep" Ver="3"><Caption PropType="string">Undefined</Caption><CoordSystemIndex PropType="unsigned int">0</CoordSystemIndex><IsGlobal PropType="bool">false</IsGlobal><Param1 PropType="double">    1</Param1><Param2 PropType="double">    1</Param2><Singularity1 PropType="int">0</Singularity1><Singularity2 PropType="int">0</Singularity2><SolverCoordNumber PropType="unsigned int">0</SolverCoordNumber><Type PropType="string">Cartesian</Type><DSGePoint3d ObjId="204" Type="DSGePoint3d" Ver="3"><Coordinates PropType="vector&lt;double>" UCat="Length" Unt="mm">16.06757394395967,-52.82322206264585,-9.99999977648158</Coordinates></DSGePoint3d><Matrix3X3 ObjId="203" Type="Matrix3X3" Ver="2"><IsOrthogonal PropType="bool">false</IsOrthogonal><Row0 PropType="vector&lt;double>">0.9996404402726182,-0.02681399208558998,8.113879158657158e-17</Row0><Row1 PropType="vector&lt;double>">0.02681399208558998,0.9996404402726182,-3.753943349528931e-17</Row1><Row2 PropType="vector&lt;double>">-8.010303527214841e-17,3.970159074225235e-17,    1</Row2></Matrix3X3></CoordinateSystemRep></MassMomentOfInertia><MaterialRep ObjId="199" Type="MaterialRep" Ver="2"><MaterialName PropType="string">Bronze, C51000</MaterialName><ReferenceTemperature PropType="double" UCat="Temperature" Unt="Celsius">   22</ReferenceTemperature><RelaxationTemperature PropType="double" UCat="Temperature" Unt="Celsius">    0</RelaxationTemperature><UnitSystem PropType="int">0</UnitSystem><UseReferenceTemperature PropType="bool">false</UseReferenceTemperature><UseRelaxationTemperature PropType="bool">false</UseRelaxationTemperature></MaterialRep></BodyAttributes><Centroid ObjId="205" Type="DSGePoint3d" Ver="3"><Coordinates PropType="vector&lt;double>" UCat="Length" Unt="mm">16.06757394395967,-52.82322206264585,-9.99999977648158</Coordinates></Centroid><MassMomentOfInertia ObjId="206" Type="MassMomentOfInertia" Ver="2"><Ixx PropType="double" UCat="MomentInertiaMass" Unt="tonne mm^2">4.990524387410295</Ixx><Iyy PropType="double" UCat="MomentInertiaMass" Unt="tonne mm^2">3.404479521803672</Iyy><Izz PropType="double" UCat="MomentInertiaMass" Unt="tonne mm^2">8.20641488924238</Izz><CoordinateSystemRep ObjId="207" Type="CoordinateSystemRep" Ver="3"><Caption PropType="string">Undefined</Caption><CoordSystemIndex PropType="unsigned int">0</CoordSystemIndex><IsGlobal PropType="bool">false</IsGlobal><Param1 PropType="double">    1</Param1><Param2 PropType="double">    1</Param2><Singularity1 PropType="int">0</Singularity1><Singularity2 PropType="int">0</Singularity2><SolverCoordNumber PropType="unsigned int">0</SolverCoordNumber><Type PropType="string">Cartesian</Type><DSGePoint3d ObjId="209" Type="DSGePoint3d" Ver="3"><Coordinates PropType="vector&lt;double>" UCat="Length" Unt="mm">16.06757394395967,-52.82322206264585,-9.99999977648158</Coordinates></DSGePoint3d><Matrix3X3 ObjId="208" Type="Matrix3X3" Ver="2"><IsOrthogonal PropType="bool">false</IsOrthogonal><Row0 PropType="vector&lt;double>">0.9996404402726182,-0.02681399208558998,8.113879158657158e-17</Row0><Row1 PropType="vector&lt;double>">0.02681399208558998,0.9996404402726182,-3.753943349528932e-17</Row1><Row2 PropType="vector&lt;double>">-8.010303527214841e-17,3.970159074225235e-17,    1</Row2></Matrix3X3></CoordinateSystemRep></MassMomentOfInertia></PartAttributes><PartAttributes ObjId="95" Type="PartAttributes" Ver="2"><Caption PropType="string">C3</Caption><Mass PropType="double" UCat="Mass" Unt="tonne">0.0003401506464248056</Mass><PartId PropType="unsigned int">431</PartId><BodyAttributes ObjId="96" Type="BodyAttributes" Ver="2"><AreNonLinearEffectsOn PropType="bool">true</AreNonLinearEffectsOn><BoundingBoxDiagonal PropType="double" UCat="Length" Unt="mm">250.8677414635079</BoundingBoxDiagonal><Caption PropType="string">C3</Caption><GeometryType PropType="string">Solid</GeometryType><Mass PropType="double" UCat="Mass" Unt="tonne">0.0003401506464248056</Mass><ProtoReferenceId PropType="unsigned int">511</ProtoReferenceId><StiffnessBehavior PropType="string">Rigid</StiffnessBehavior><ThermalStrainCalculation PropType="bool">true</ThermalStrainCalculation><Centroid ObjId="212" Type="DSGePoint3d" Ver="3"><Coordinates PropType="vector&lt;double>" UCat="Length" Unt="mm">37.88411693309963,-37.47642633120934,4.99999988824079</Coordinates></Centroid><MassMomentOfInertia ObjId="211" Type="MassMomentOfInertia" Ver="2"><Ixx PropType="double" UCat="MomentInertiaMass" Unt="tonne mm^2">0.03539869861993942</Ixx><Iyy PropType="double" UCat="MomentInertiaMass" Unt="tonne mm^2">1.521389888700012</Iyy><Izz PropType="double" UCat="MomentInertiaMass" Unt="tonne mm^2">1.551118903986123</Izz><CoordinateSystemRep ObjId="213" Type="CoordinateSystemRep" Ver="3"><Caption PropType="string">Undefined</Caption><CoordSystemIndex PropType="unsigned int">0</CoordSystemIndex><IsGlobal PropType="bool">false</IsGlobal><Param1 PropType="double">    1</Param1><Param2 PropType="double">    1</Param2><Singularity1 PropType="int">0</Singularity1><Singularity2 PropType="int">0</Singularity2><SolverCoordNumber PropType="unsigned int">0</SolverCoordNumber><Type PropType="string">Cartesian</Type><DSGePoint3d ObjId="215" Type="DSGePoint3d" Ver="3"><Coordinates PropType="vector&lt;double>" UCat="Length" Unt="mm">37.88411693309963,-37.47642633120934,4.99999988824079</Coordinates></DSGePoint3d><Matrix3X3 ObjId="214" Type="Matrix3X3" Ver="2"><IsOrthogonal PropType="bool">false</IsOrthogonal><Row0 PropType="vector&lt;double>">0.9858462526848926,-0.1676519193661527,-1.270105102352163e-11</Row0><Row1 PropType="vector&lt;double>">0.1676519193661527,0.9858462526848926,2.947434917404471e-10</Row1><Row2 PropType="vector&lt;double>">-3.689302855426932e-11,-2.927011224176412e-10,    1</Row2></Matrix3X3></CoordinateSystemRep></MassMomentOfInertia><MaterialRep ObjId="210" Type="MaterialRep" Ver="2"><MaterialName PropType="string">Bronze, C51000</MaterialName><ReferenceTemperature PropType="double" UCat="Temperature" Unt="Celsius">   22</ReferenceTemperature><RelaxationTemperature PropType="double" UCat="Temperature" Unt="Celsius">    0</RelaxationTemperature><UnitSystem PropType="int">0</UnitSystem><UseReferenceTemperature PropType="bool">false</UseReferenceTemperature><UseRelaxationTemperature PropType="bool">false</UseRelaxationTemperature></MaterialRep></BodyAttributes><Centroid ObjId="216" Type="DSGePoint3d" Ver="3"><Coordinates PropType="vector&lt;double>" UCat="Length" Unt="mm">37.88411693309963,-37.47642633120934,4.99999988824079</Coordinates></Centroid><MassMomentOfInertia ObjId="217" Type="MassMomentOfInertia" Ver="2"><Ixx PropType="double" UCat="MomentInertiaMass" Unt="tonne mm^2">0.03539869861993942</Ixx><Iyy PropType="double" UCat="MomentInertiaMass" Unt="tonne mm^2">1.521389888700012</Iyy><Izz PropType="double" UCat="MomentInertiaMass" Unt="tonne mm^2">1.551118903986123</Izz><CoordinateSystemRep ObjId="218" Type="CoordinateSystemRep" Ver="3"><Caption PropType="string">Undefined</Caption><CoordSystemIndex PropType="unsigned int">0</CoordSystemIndex><IsGlobal PropType="bool">false</IsGlobal><Param1 PropType="double">    1</Param1><Param2 PropType="double">    1</Param2><Singularity1 PropType="int">0</Singularity1><Singularity2 PropType="int">0</Singularity2><SolverCoordNumber PropType="unsigned int">0</SolverCoordNumber><Type PropType="string">Cartesian</Type><DSGePoint3d ObjId="220" Type="DSGePoint3d" Ver="3"><Coordinates PropType="vector&lt;double>" UCat="Length" Unt="mm">37.88411693309963,-37.47642633120934,4.99999988824079</Coordinates></DSGePoint3d><Matrix3X3 ObjId="219" Type="Matrix3X3" Ver="2"><IsOrthogonal PropType="bool">false</IsOrthogonal><Row0 PropType="vector&lt;double>">0.9858462526848926,-0.1676519193661527,-1.270105102352163e-11</Row0><Row1 PropType="vector&lt;double>">0.1676519193661527,0.9858462526848926,2.947434917404472e-10</Row1><Row2 PropType="vector&lt;double>">-3.689302855426933e-11,-2.927011224176413e-10,    1</Row2></Matrix3X3></CoordinateSystemRep></MassMomentOfInertia></PartAttributes><PartAttributes ObjId="99" Type="PartAttributes" Ver="2"><Caption PropType="string">C2</Caption><Mass PropType="double" UCat="Mass" Unt="tonne">0.0001853472742570703</Mass><PartId PropType="unsigned int">433</PartId><BodyAttributes ObjId="100" Type="BodyAttributes" Ver="2"><AreNonLinearEffectsOn PropType="bool">true</AreNonLinearEffectsOn><BoundingBoxDiagonal PropType="double" UCat="Length" Unt="mm">146.6971799212564</BoundingBoxDiagonal><Caption PropType="string">C2</Caption><GeometryType PropType="string">Solid</GeometryType><Mass PropType="double" UCat="Mass" Unt="tonne">0.0001853472742570703</Mass><ProtoReferenceId PropType="unsigned int">580</ProtoReferenceId><StiffnessBehavior PropType="string">Rigid</StiffnessBehavior><ThermalStrainCalculation PropType="bool">true</ThermalStrainCalculation><Centroid ObjId="223" Type="DSGePoint3d" Ver="3"><Coordinates PropType="vector&lt;double>" UCat="Length" Unt="mm">130.773682725342,-47.80950069258812,14.99999966472237</Coordinates></Centroid><MassMomentOfInertia ObjId="222" Type="MassMomentOfInertia" Ver="2"><Ixx PropType="double" UCat="MomentInertiaMass" Unt="tonne mm^2">0.01014745971228677</Ixx><Iyy PropType="double" UCat="MomentInertiaMass" Unt="tonne mm^2">0.2775084467672919</Iyy><Izz PropType="double" UCat="MomentInertiaMass" Unt="tonne mm^2">0.2845690454920988</Izz><CoordinateSystemRep ObjId="224" Type="CoordinateSystemRep" Ver="3"><Caption PropType="string">Undefined</Caption><CoordSystemIndex PropType="unsigned int">0</CoordSystemIndex><IsGlobal PropType="bool">false</IsGlobal><Param1 PropType="double">    1</Param1><Param2 PropType="double">    1</Param2><Singularity1 PropType="int">0</Singularity1><Singularity2 PropType="int">0</Singularity2><SolverCoordNumber PropType="unsigned int">0</SolverCoordNumber><Type PropType="string">Cartesian</Type><DSGePoint3d ObjId="226" Type="DSGePoint3d" Ver="3"><Coordinates PropType="vector&lt;double>" UCat="Length" Unt="mm">130.773682725342,-47.80950069258812,14.99999966472237</Coordinates></DSGePoint3d><Matrix3X3 ObjId="225" Type="Matrix3X3" Ver="2"><IsOrthogonal PropType="bool">false</IsOrthogonal><Row0 PropType="vector&lt;double>">0.7847109834376792,-0.6198618172401574,3.138972174423215e-11</Row0><Row1 PropType="vector&lt;double>">0.6198618172401574,0.7847109834376792,-1.15691561057649e-09</Row1><Row2 PropType="vector&lt;double>">6.924959533456981e-10,9.273016764929234e-10,    1</Row2></Matrix3X3></CoordinateSystemRep></MassMomentOfInertia><MaterialRep ObjId="221" Type="MaterialRep" Ver="2"><MaterialName PropType="string">Bronze, C51000</MaterialName><ReferenceTemperature PropType="double" UCat="Temperature" Unt="Celsius">   22</ReferenceTemperature><RelaxationTemperature PropType="double" UCat="Temperature" Unt="Celsius">    0</RelaxationTemperature><UnitSystem PropType="int">0</UnitSystem><UseReferenceTemperature PropType="bool">false</UseReferenceTemperature><UseRelaxationTemperature PropType="bool">false</UseRelaxationTemperature></MaterialRep></BodyAttributes><Centroid ObjId="227" Type="DSGePoint3d" Ver="3"><Coordinates PropType="vector&lt;double>" UCat="Length" Unt="mm">130.773682725342,-47.80950069258812,14.99999966472237</Coordinates></Centroid><MassMomentOfInertia ObjId="228" Type="MassMomentOfInertia" Ver="2"><Ixx PropType="double" UCat="MomentInertiaMass" Unt="tonne mm^2">0.01014745971228677</Ixx><Iyy PropType="double" UCat="MomentInertiaMass" Unt="tonne mm^2">0.2775084467672919</Iyy><Izz PropType="double" UCat="MomentInertiaMass" Unt="tonne mm^2">0.2845690454920988</Izz><CoordinateSystemRep ObjId="229" Type="CoordinateSystemRep" Ver="3"><Caption PropType="string">Undefined</Caption><CoordSystemIndex PropType="unsigned int">0</CoordSystemIndex><IsGlobal PropType="bool">false</IsGlobal><Param1 PropType="double">    1</Param1><Param2 PropType="double">    1</Param2><Singularity1 PropType="int">0</Singularity1><Singularity2 PropType="int">0</Singularity2><SolverCoordNumber PropType="unsigned int">0</SolverCoordNumber><Type PropType="string">Cartesian</Type><DSGePoint3d ObjId="231" Type="DSGePoint3d" Ver="3"><Coordinates PropType="vector&lt;double>" UCat="Length" Unt="mm">130.773682725342,-47.80950069258812,14.99999966472237</Coordinates></DSGePoint3d><Matrix3X3 ObjId="230" Type="Matrix3X3" Ver="2"><IsOrthogonal PropType="bool">false</IsOrthogonal><Row0 PropType="vector&lt;double>">0.7847109834376793,-0.6198618172401573,3.138972174423205e-11</Row0><Row1 PropType="vector&lt;double>">0.6198618172401573,0.7847109834376793,-1.15691561057649e-09</Row1><Row2 PropType="vector&lt;double>">6.92495953345698e-10,9.273016764929236e-10,    1</Row2></Matrix3X3></CoordinateSystemRep></MassMomentOfInertia></PartAttributes></AssemblyAttributes></GeometryAttributes><ServiceRep ObjId="195" Type="ServiceRep" Ver="2"><CoordinateSystemRep ObjId="127" Type="CoordinateSystemRep" Ver="3"><Caption PropType="string">Reference Coordinate System</Caption><CoordSystemIndex PropType="unsigned int">0</CoordSystemIndex><IsGlobal PropType="bool">false</IsGlobal><Param1 PropType="double">    1</Param1><Param2 PropType="double">    1</Param2><Singularity1 PropType="int">0</Singularity1><Singularity2 PropType="int">0</Singularity2><SolverCoordNumber PropType="int">12</SolverCoordNumber><Type PropType="string">Cartesian</Type><DSGePoint3d ObjId="246" Type="DSGePoint3d" Ver="3"><Coordinates PropType="vector&lt;double>" UCat="Length" Unt="mm">16.06757394286441,-52.82322205872318,-19.99999955296519</Coordinates></DSGePoint3d><Matrix3X3 ObjId="245" Type="Matrix3X3" Ver="2"><IsOrthogonal PropType="bool">false</IsOrthogonal><Row0 PropType="vector&lt;double>">    1,    0,    0</Row0><Row1 PropType="vector&lt;double>">    0,   -1,    0</Row1><Row2 PropType="vector&lt;double>">    0,    0,   -1</Row2></Matrix3X3></CoordinateSystemRep><CoordinateSystemRep ObjId="134" Type="CoordinateSystemRep" Ver="3"><Caption PropType="string">Reference Coordinate System</Caption><CoordSystemIndex PropType="unsigned int">0</CoordSystemIndex><IsGlobal PropType="bool">false</IsGlobal><Param1 PropType="double">    1</Param1><Param2 PropType="double">    1</Param2><Singularity1 PropType="int">0</Singularity1><Singularity2 PropType="int">0</Singularity2><SolverCoordNumber PropType="int">13</SolverCoordNumber><Type PropType="string">Cartesian</Type><DSGePoint3d ObjId="248" Type="DSGePoint3d" Ver="3"><Coordinates PropType="vector&lt;double>" UCat="Length" Unt="mm">    0,    0,-9.99999977648258</Coordinates></DSGePoint3d><Matrix3X3 ObjId="247" Type="Matrix3X3" Ver="2"><IsOrthogonal PropType="bool">false</IsOrthogonal><Row0 PropType="vector&lt;double>">    1,    0,    0</Row0><Row1 PropType="vector&lt;double>">    0,    1,    0</Row1><Row2 PropType="vector&lt;double>">    0,    0,    1</Row2></Matrix3X3></CoordinateSystemRep><CoordinateSystemRep ObjId="139" Type="CoordinateSystemRep" Ver="3"><Caption PropType="string">Reference Coordinate System</Caption><CoordSystemIndex PropType="unsigned int">0</CoordSystemIndex><IsGlobal PropType="bool">false</IsGlobal><Param1 PropType="double">    1</Param1><Param2 PropType="double">    1</Param2><Singularity1 PropType="int">0</Singularity1><Singularity2 PropType="int">0</Singularity2><SolverCoordNumber PropType="int">14</SolverCoordNumber><Type PropType="string">Cartesian</Type><DSGePoint3d ObjId="250" Type="DSGePoint3d" Ver="3"><Coordinates PropType="vector&lt;double>" UCat="Length" Unt="mm">88.79917892757648,-14.65284347108992,4.999999888241293</Coordinates></DSGePoint3d><Matrix3X3 ObjId="249" Type="Matrix3X3" Ver="2"><IsOrthogonal PropType="bool">false</IsOrthogonal><Row0 PropType="vector&lt;double>">    1,    0,4.85722573273506e-17</Row0><Row1 PropType="vector&lt;double>">    0,   -1,    0</Row1><Row2 PropType="vector&lt;double>">4.85722573273506e-17,    0,   -1</Row2></Matrix3X3></CoordinateSystemRep><CoordinateSystemRep ObjId="147" Type="CoordinateSystemRep" Ver="3"><Caption PropType="string">Reference Coordinate System</Caption><CoordSystemIndex PropType="unsigned int">0</CoordSystemIndex><IsGlobal PropType="bool">false</IsGlobal><Param1 PropType="double">    1</Param1><Param2 PropType="double">    1</Param2><Singularity1 PropType="int">0</Singularity1><Singularity2 PropType="int">0</Singularity2><SolverCoordNumber PropType="int">15</SolverCoordNumber><Type PropType="string">Cartesian</Type><DSGePoint3d ObjId="252" Type="DSGePoint3d" Ver="3"><Coordinates PropType="vector&lt;double>" UCat="Length" Unt="mm">122.0916466536779,-40.95135279588823,4.999999888241289</Coordinates></DSGePoint3d><Matrix3X3 ObjId="251" Type="Matrix3X3" Ver="2"><IsOrthogonal PropType="bool">false</IsOrthogonal><Row0 PropType="vector&lt;double>">    1,    0,    0</Row0><Row1 PropType="vector&lt;double>">    0,    1,    0</Row1><Row2 PropType="vector&lt;double>">    0,    0,    1</Row2></Matrix3X3></CoordinateSystemRep><CoordinateSystemRep ObjId="158" Type="CoordinateSystemRep" Ver="3"><Caption PropType="string">Reference Coordinate System</Caption><CoordSystemIndex PropType="unsigned int">0</CoordSystemIndex><IsGlobal PropType="bool">false</IsGlobal><Param1 PropType="double">    1</Param1><Param2 PropType="double">    1</Param2><Singularity1 PropType="int">0</Singularity1><Singularity2 PropType="int">0</Singularity2><SolverCoordNumber PropType="int">16</SolverCoordNumber><Type PropType="string">Cartesian</Type><DSGePoint3d ObjId="254" Type="DSGePoint3d" Ver="3"><Coordinates PropType="vector&lt;double>" UCat="Length" Unt="mm">   45,-50.0000000000001,-9.999999776482587</Coordinates></DSGePoint3d><Matrix3X3 ObjId="253" Type="Matrix3X3" Ver="2"><IsOrthogonal PropType="bool">false</IsOrthogonal><Row0 PropType="vector&lt;double>">    1,    0,    0</Row0><Row1 PropType="vector&lt;double>">    0,    1,    0</Row1><Row2 PropType="vector&lt;double>">    0,    0,    1</Row2></Matrix3X3></CoordinateSystemRep><CoordinateSystemRep ObjId="179" Type="CoordinateSystemRep" Ver="3"><Caption PropType="string">Joint 1 CS</Caption><CoordSystemIndex PropType="unsigned int">0</CoordSystemIndex><IsGlobal PropType="bool">false</IsGlobal><Param1 PropType="double">    1</Param1><Param2 PropType="double">    1</Param2><Singularity1 PropType="int">0</Singularity1><Singularity2 PropType="int">0</Singularity2><SolverCoordNumber PropType="int">17</SolverCoordNumber><Type PropType="string">Cartesian</Type><DSGePoint3d ObjId="256" Type="DSGePoint3d" Ver="3"><Coordinates PropType="vector&lt;double>" UCat="Length" Unt="mm">-9.832412661836543e-12,1.6080886622305e-12,10.00000000001</Coordinates></DSGePoint3d><Matrix3X3 ObjId="255" Type="Matrix3X3" Ver="2"><IsOrthogonal PropType="bool">false</IsOrthogonal><Row0 PropType="vector&lt;double>">    1,    0,    0</Row0><Row1 PropType="vector&lt;double>">    0,    1,    0</Row1><Row2 PropType="vector&lt;double>">    0,    0,    1</Row2></Matrix3X3></CoordinateSystemRep><CoordinateSystemRep ObjId="32" Type="CoordinateSystemRep" Ver="3"><Caption PropType="string">Global Coordinate System</Caption><CoordSystemIndex PropType="unsigned int">0</CoordSystemIndex><IsGlobal PropType="bool">true</IsGlobal><Param1 PropType="double">    1</Param1><Param2 PropType="double">    1</Param2><Singularity1 PropType="int">0</Singularity1><Singularity2 PropType="int">0</Singularity2><SolverCoordNumber PropType="int">0</SolverCoordNumber><Type PropType="string">Cartesian</Type><DSGePoint3d ObjId="244" Type="DSGePoint3d" Ver="3"><Coordinates PropType="vector&lt;double>" UCat="Length" Unt="mm">    0,    0,    0</Coordinates></DSGePoint3d><Matrix3X3 ObjId="243" Type="Matrix3X3" Ver="2"><IsOrthogonal PropType="bool">false</IsOrthogonal><Row0 PropType="vector&lt;double>">    1,    0,    0</Row0><Row1 PropType="vector&lt;double>">    0,    1,    0</Row1><Row2 PropType="vector&lt;double>">    0,    0,    1</Row2></Matrix3X3></CoordinateSystemRep><ReferenceDataRep ObjId="257" Type="ReferenceDataRep" Ver="2"><BodyId PropType="vector&lt;unsigned int>">454,511,580,631,454,454,454,454,631,631,511,511,454,454,631,454,454,631,631,580,511,580,454,511,631,511,511,631,454</BodyId><PartId PropType="vector&lt;unsigned int>">429,431,433,435,429,429,429,429,435,435,431,431,429,429,435,429,429,435,435,433,431,433,429,431,435,431,431,435,429</PartId><RefId PropType="vector&lt;unsigned int>">1,2,3,4,5,6,7,8,9,10,11,12,13,14,15,16,17,18,19,20,21,22,23,24,25,26,27,28,29</RefId><RefItem PropType="vector&lt;unsigned int>">0,0,0,0,0,0,0,0,0,0,0,0,0,0,0,0,0,0,0,0,0,0,0,0,0,0,0,0,0</RefItem><RefType PropType="vector&lt;unsigned int>">1048576,1048576,1048576,1048576,96,96,160,160,160,160,160,160,160,160,81920,96,160,160,160,160,160,160,160,160,160,96,96,160,1048576</RefType><RefValue PropType="vector&lt;unsigned int>">454,511,580,631,455,455,456,456,634,634,524,524,457,457,627,455,456,635,634,591,524,592,457,525,633,521,519,638,454</RefValue><Scoping PropType="vector&lt;string>">94,98,102,106,128,129,148,149,140,141,151,152,159,160,180,130,150,135,142,143,153,154,161,162,165,166,168,169,182</Scoping><Type PropType="vector&lt;unsigned int>">1,1,1,1,1,1,1,1,1,1,1,1,1,1,1,1,1,1,1,1,1,1,1,1,1,1,1,1,1</Type><UBID PropType="vector&lt;unsigned int>">92,96,100,104,92,92,92,92,104,104,96,96,92,92,104,92,92,104,104,100,96,100,92,96,104,96,96,104,92</UBID><UPID PropType="vector&lt;unsigned int>">91,95,99,103,91,91,91,91,103,103,95,95,91,91,103,91,91,103,103,99,95,99,91,95,103,95,95,103,91</UPID></ReferenceDataRep><RemotePointRep ObjId="125" Type="RemotePointRep" Ver="3"><BeamMaterialName PropType="string"> </BeamMaterialName><Caption PropType="string">Internal Remote Point</Caption><CondensedPartId PropType="int">0</CondensedPartId><DOFMask PropType="unsigned int">119</DOFMask><DOFMaskType PropType="string">ProgramControlled</DOFMaskType><FreeStanding PropType="bool">false</FreeStanding><HasScoping PropType="bool">false</HasScoping><LoadBehavior PropType="string">Rigid</LoadBehavior><Location PropType="vector&lt;double>" UCat="Length" Unt="mm">    0,    0,    0</Location><LocationX PropType="double" UCat="Length" Unt="m">    1</LocationX><LocationY PropType="double" UCat="Length" Unt="m">    1</LocationY><LocationZ PropType="double" UCat="Length" Unt="m">    1</LocationZ><NodeReferenceId PropType="unsigned int">652</NodeReferenceId><ParentId PropType="unsigned int">124</ParentId><ParentName PropType="string">Fixed - Ground To Base</ParentName><PartIds PropType="vector&lt;unsigned int>"/><PinballSize PropType="double" UCat="Length" Unt="mm">    0</PinballSize><Radius PropType="double" UCat="Length" Unt="m">    0</Radius><RefCoordSysId PropType="unsigned int">127</RefCoordSysId><RemotePointPhysicsType PropType="int">0</RemotePointPhysicsType><Scoping PropType="vector&lt;string>">-1</Scoping><UsedForDirectScoping PropType="bool">false</UsedForDirectScoping></RemotePointRep><RemotePointRep ObjId="126" Type="RemotePointRep" Ver="3"><BeamMaterialName PropType="string"> </BeamMaterialName><Caption PropType="string">Internal Remote Point 2</Caption><CondensedPartId PropType="int">0</CondensedPartId><DOFMask PropType="unsigned int">119</DOFMask><DOFMaskType PropType="string">ProgramControlled</DOFMaskType><FreeStanding PropType="bool">false</FreeStanding><HasScoping PropType="bool">true</HasScoping><LoadBehavior PropType="string">Rigid</LoadBehavior><Location PropType="vector&lt;double>" UCat="Length" Unt="mm">    0,    0,    0</Location><LocationX PropType="double" UCat="Length" Unt="m">    1</LocationX><LocationY PropType="double" UCat="Length" Unt="m">    1</LocationY><LocationZ PropType="double" UCat="Length" Unt="m">    1</LocationZ><NodeReferenceId PropType="unsigned int">655</NodeReferenceId><ParentId PropType="unsigned int">124</ParentId><ParentName PropType="string">Fixed - Ground To Base</ParentName><PartIds PropType="vector&lt;unsigned int>">91</PartIds><PinballSize PropType="double" UCat="Length" Unt="mm">    0</PinballSize><Radius PropType="double" UCat="Length" Unt="m">    0</Radius><RefCoordSysId PropType="unsigned int">127</RefCoordSysId><RemotePointPhysicsType PropType="int">0</RemotePointPhysicsType><Scoping PropType="vector&lt;string>">130</Scoping><UsedForDirectScoping PropType="bool">false</UsedForDirectScoping></RemotePointRep><RemotePointRep ObjId="132" Type="RemotePointRep" Ver="3"><BeamMaterialName PropType="string"> </BeamMaterialName><Caption PropType="string">Internal Remote Point 3</Caption><CondensedPartId PropType="int">0</CondensedPartId><DOFMask PropType="unsigned int">119</DOFMask><DOFMaskType PropType="string">ProgramControlled</DOFMaskType><FreeStanding PropType="bool">false</FreeStanding><HasScoping PropType="bool">true</HasScoping><LoadBehavior PropType="string">Rigid</LoadBehavior><Location PropType="vector&lt;double>" UCat="Length" Unt="mm">    0,    0,    0</Location><LocationX PropType="double" UCat="Length" Unt="m">    1</LocationX><LocationY PropType="double" UCat="Length" Unt="m">    1</LocationY><LocationZ PropType="double" UCat="Length" Unt="m">    1</LocationZ><NodeReferenceId PropType="unsigned int">657</NodeReferenceId><ParentId PropType="unsigned int">131</ParentId><ParentName PropType="string">Revolute - Base To C1</ParentName><PartIds PropType="vector&lt;unsigned int>">91</PartIds><PinballSize PropType="double" UCat="Length" Unt="mm">    0</PinballSize><Radius PropType="double" UCat="Length" Unt="m">    0</Radius><RefCoordSysId PropType="unsigned int">134</RefCoordSysId><RemotePointPhysicsType PropType="int">0</RemotePointPhysicsType><Scoping PropType="vector&lt;string>">150</Scoping><UsedForDirectScoping PropType="bool">false</UsedForDirectScoping></RemotePointRep><RemotePointRep ObjId="133" Type="RemotePointRep" Ver="3"><BeamMaterialName PropType="string"> </BeamMaterialName><Caption PropType="string">Internal Remote Point 4</Caption><CondensedPartId PropType="int">0</CondensedPartId><DOFMask PropType="unsigned int">119</DOFMask><DOFMaskType PropType="string">ProgramControlled</DOFMaskType><FreeStanding PropType="bool">false</FreeStanding><HasScoping PropType="bool">true</HasScoping><LoadBehavior PropType="string">Rigid</LoadBehavior><Location PropType="vector&lt;double>" UCat="Length" Unt="mm">    0,    0,    0</Location><LocationX PropType="double" UCat="Length" Unt="m">    1</LocationX><LocationY PropType="double" UCat="Length" Unt="m">    1</LocationY><LocationZ PropType="double" UCat="Length" Unt="m">    1</LocationZ><NodeReferenceId PropType="unsigned int">660</NodeReferenceId><ParentId PropType="unsigned int">131</ParentId><ParentName PropType="string">Revolute - Base To C1</ParentName><PartIds PropType="vector&lt;unsigned int>">103</PartIds><PinballSize PropType="double" UCat="Length" Unt="mm">    0</PinballSize><Radius PropType="double" UCat="Length" Unt="m">    0</Radius><RefCoordSysId PropType="unsigned int">134</RefCoordSysId><RemotePointPhysicsType PropType="int">0</RemotePointPhysicsType><Scoping PropType="vector&lt;string>">135</Scoping><UsedForDirectScoping PropType="bool">false</UsedForDirectScoping></RemotePointRep><RemotePointRep ObjId="137" Type="RemotePointRep" Ver="3"><BeamMaterialName PropType="string"> </BeamMaterialName><Caption PropType="string">Internal Remote Point 5</Caption><CondensedPartId PropType="int">0</CondensedPartId><DOFMask PropType="unsigned int">119</DOFMask><DOFMaskType PropType="string">ProgramControlled</DOFMaskType><FreeStanding PropType="bool">false</FreeStanding><HasScoping PropType="bool">true</HasScoping><LoadBehavior PropType="string">Rigid</LoadBehavior><Location PropType="vector&lt;double>" UCat="Length" Unt="mm">    0,    0,    0</Location><LocationX PropType="double" UCat="Length" Unt="m">    1</LocationX><LocationY PropType="double" UCat="Length" Unt="m">    1</LocationY><LocationZ PropType="double" UCat="Length" Unt="m">    1</LocationZ><NodeReferenceId PropType="unsigned int">662</NodeReferenceId><ParentId PropType="unsigned int">136</ParentId><ParentName PropType="string">Revolute - C1 To C2</ParentName><PartIds PropType="vector&lt;unsigned int>">103</PartIds><PinballSize PropType="double" UCat="Length" Unt="mm">    0</PinballSize><Radius PropType="double" UCat="Length" Unt="m">    0</Radius><RefCoordSysId PropType="unsigned int">139</RefCoordSysId><RemotePointPhysicsType PropType="int">0</RemotePointPhysicsType><Scoping PropType="vector&lt;string>">142</Scoping><UsedForDirectScoping PropType="bool">false</UsedForDirectScoping></RemotePointRep><RemotePointRep ObjId="138" Type="RemotePointRep" Ver="3"><BeamMaterialName PropType="string"> </BeamMaterialName><Caption PropType="string">Internal Remote Point 6</Caption><CondensedPartId PropType="int">0</CondensedPartId><DOFMask PropType="unsigned int">119</DOFMask><DOFMaskType PropType="string">ProgramControlled</DOFMaskType><FreeStanding PropType="bool">false</FreeStanding><HasScoping PropType="bool">true</HasScoping><LoadBehavior PropType="string">Rigid</LoadBehavior><Location PropType="vector&lt;double>" UCat="Length" Unt="mm">    0,    0,    0</Location><LocationX PropType="double" UCat="Length" Unt="m">    1</LocationX><LocationY PropType="double" UCat="Length" Unt="m">    1</LocationY><LocationZ PropType="double" UCat="Length" Unt="m">    1</LocationZ><NodeReferenceId PropType="unsigned int">665</NodeReferenceId><ParentId PropType="unsigned int">136</ParentId><ParentName PropType="string">Revolute - C1 To C2</ParentName><PartIds PropType="vector&lt;unsigned int>">99</PartIds><PinballSize PropType="double" UCat="Length" Unt="mm">    0</PinballSize><Radius PropType="double" UCat="Length" Unt="m">    0</Radius><RefCoordSysId PropType="unsigned int">139</RefCoordSysId><RemotePointPhysicsType PropType="int">0</RemotePointPhysicsType><Scoping PropType="vector&lt;string>">143</Scoping><UsedForDirectScoping PropType="bool">false</UsedForDirectScoping></RemotePointRep><RemotePointRep ObjId="145" Type="RemotePointRep" Ver="3"><BeamMaterialName PropType="string"> </BeamMaterialName><Caption PropType="string">Internal Remote Point 7</Caption><CondensedPartId PropType="int">0</CondensedPartId><DOFMask PropType="unsigned int">119</DOFMask><DOFMaskType PropType="string">ProgramControlled</DOFMaskType><FreeStanding PropType="bool">false</FreeStanding><HasScoping PropType="bool">true</HasScoping><LoadBehavior PropType="string">Rigid</LoadBehavior><Location PropType="vector&lt;double>" UCat="Length" Unt="mm">    0,    0,    0</Location><LocationX PropType="double" UCat="Length" Unt="m">    1</LocationX><LocationY PropType="double" UCat="Length" Unt="m">    1</LocationY><LocationZ PropType="double" UCat="Length" Unt="m">    1</LocationZ><NodeReferenceId PropType="unsigned int">667</NodeReferenceId><ParentId PropType="unsigned int">144</ParentId><ParentName PropType="string">Revolute - C3 To C2</ParentName><PartIds PropType="vector&lt;unsigned int>">95</PartIds><PinballSize PropType="double" UCat="Length" Unt="mm">    0</PinballSize><Radius PropType="double" UCat="Length" Unt="m">    0</Radius><RefCoordSysId PropType="unsigned int">147</RefCoordSysId><RemotePointPhysicsType PropType="int">0</RemotePointPhysicsType><Scoping PropType="vector&lt;string>">153</Scoping><UsedForDirectScoping PropType="bool">false</UsedForDirectScoping></RemotePointRep><RemotePointRep ObjId="146" Type="RemotePointRep" Ver="3"><BeamMaterialName PropType="string"> </BeamMaterialName><Caption PropType="string">Internal Remote Point 8</Caption><CondensedPartId PropType="int">0</CondensedPartId><DOFMask PropType="unsigned int">119</DOFMask><DOFMaskType PropType="string">ProgramControlled</DOFMaskType><FreeStanding PropType="bool">false</FreeStanding><HasScoping PropType="bool">true</HasScoping><LoadBehavior PropType="string">Rigid</LoadBehavior><Location PropType="vector&lt;double>" UCat="Length" Unt="mm">    0,    0,    0</Location><LocationX PropType="double" UCat="Length" Unt="m">    1</LocationX><LocationY PropType="double" UCat="Length" Unt="m">    1</LocationY><LocationZ PropType="double" UCat="Length" Unt="m">    1</LocationZ><NodeReferenceId PropType="unsigned int">670</NodeReferenceId><ParentId PropType="unsigned int">144</ParentId><ParentName PropType="string">Revolute - C3 To C2</ParentName><PartIds PropType="vector&lt;unsigned int>">99</PartIds><PinballSize PropType="double" UCat="Length" Unt="mm">    0</PinballSize><Radius PropType="double" UCat="Length" Unt="m">    0</Radius><RefCoordSysId PropType="unsigned int">147</RefCoordSysId><RemotePointPhysicsType PropType="int">0</RemotePointPhysicsType><Scoping PropType="vector&lt;string>">154</Scoping><UsedForDirectScoping PropType="bool">false</UsedForDirectScoping></RemotePointRep><RemotePointRep ObjId="156" Type="RemotePointRep" Ver="3"><BeamMaterialName PropType="string"> </BeamMaterialName><Caption PropType="string">Internal Remote Point 9</Caption><CondensedPartId PropType="int">0</CondensedPartId><DOFMask PropType="unsigned int">119</DOFMask><DOFMaskType PropType="string">ProgramControlled</DOFMaskType><FreeStanding PropType="bool">false</FreeStanding><HasScoping PropType="bool">true</HasScoping><LoadBehavior PropType="string">Rigid</LoadBehavior><Location PropType="vector&lt;double>" UCat="Length" Unt="mm">    0,    0,    0</Location><LocationX PropType="double" UCat="Length" Unt="m">    1</LocationX><LocationY PropType="double" UCat="Length" Unt="m">    1</LocationY><LocationZ PropType="double" UCat="Length" Unt="m">    1</LocationZ><NodeReferenceId PropType="unsigned int">672</NodeReferenceId><ParentId PropType="unsigned int">155</ParentId><ParentName PropType="string">Revolute - Base To C3</ParentName><PartIds PropType="vector&lt;unsigned int>">91</PartIds><PinballSize PropType="double" UCat="Length" Unt="mm">    0</PinballSize><Radius PropType="double" UCat="Length" Unt="m">    0</Radius><RefCoordSysId PropType="unsigned int">158</RefCoordSysId><RemotePointPhysicsType PropType="int">0</RemotePointPhysicsType><Scoping PropType="vector&lt;string>">161</Scoping><UsedForDirectScoping PropType="bool">false</UsedForDirectScoping></RemotePointRep><RemotePointRep ObjId="157" Type="RemotePointRep" Ver="3"><BeamMaterialName PropType="string"> </BeamMaterialName><Caption PropType="string">Internal Remote Point 10</Caption><CondensedPartId PropType="int">0</CondensedPartId><DOFMask PropType="unsigned int">119</DOFMask><DOFMaskType PropType="string">ProgramControlled</DOFMaskType><FreeStanding PropType="bool">false</FreeStanding><HasScoping PropType="bool">true</HasScoping><LoadBehavior PropType="string">Rigid</LoadBehavior><Location PropType="vector&lt;double>" UCat="Length" Unt="mm">    0,    0,    0</Location><LocationX PropType="double" UCat="Length" Unt="m">    1</LocationX><LocationY PropType="double" UCat="Length" Unt="m">    1</LocationY><LocationZ PropType="double" UCat="Length" Unt="m">    1</LocationZ><NodeReferenceId PropType="unsigned int">675</NodeReferenceId><ParentId PropType="unsigned int">155</ParentId><ParentName PropType="string">Revolute - Base To C3</ParentName><PartIds PropType="vector&lt;unsigned int>">95</PartIds><PinballSize PropType="double" UCat="Length" Unt="mm">    0</PinballSize><Radius PropType="double" UCat="Length" Unt="m">    0</Radius><RefCoordSysId PropType="unsigned int">158</RefCoordSysId><RemotePointPhysicsType PropType="int">0</RemotePointPhysicsType><Scoping PropType="vector&lt;string>">162</Scoping><UsedForDirectScoping PropType="bool">false</UsedForDirectScoping></RemotePointRep></ServiceRep></EngineeringRep><GeometryRep ObjId="198" Type="GeometryRep" Ver="2"><ActiveAssembly PropType="unsigned int">1</ActiveAssembly><PartsAssembly PropType="string">PartsAssembly.bin</PartsAssembly><Units PropType="string">m</Units></GeometryRep><MaterialLibraryRep ObjId="197" Type="MaterialLibraryRep" Ver="2"><FileName PropType="string">MatML.xml</FileName></MaterialLibraryRep><MeshRep ObjId="196" Type="MeshRep" Ver="2"><AssemblyMesh PropType="string">AssemblyMesh.bin</AssemblyMesh><Configuration PropType="unsigned int">171</Configuration><IndependentMesh PropType="string">IndependentMesh.bin</IndependentMesh><RigidBodyBehavior PropType="string">DimensionallyReduced</RigidBodyBehavior><Units PropType="string">m</Units></MeshRep><SolverRep ObjId="280" Type="SolverRep" Ver="2"><AnalysisType PropType="string">Transient</AnalysisType><PhysicsType PropType="string">Mechanical</PhysicsType><SolverTargetName PropType="string">MBD</SolverTargetName><SolverUnits PropType="int">6</SolverUnits><ResultProbes ObjId="283" Type="CAERepBase" Ver="2"><Energy ObjId="188" Type="ResultProbe" Ver="2"><Caption PropType="string">Energy Probe</Caption><DisplayTime PropType="double" UCat="Time" Unt="s">    0</DisplayTime><ResultSelection PropType="string">All</ResultSelection><Scoping PropType="vector&lt;string>">-1</Scoping></Energy><Joint ObjId="172" Type="ResultProbe" Ver="2"><BoundaryConditionId PropType="int">131</BoundaryConditionId><Caption PropType="string">Joint 1 Probe</Caption><DisplayTime PropType="double" UCat="Time" Unt="s"> 3.15</DisplayTime><OrientationMethod PropType="string">JointReferenceSystem</OrientationMethod><ResultSelection PropType="string">ZAxis</ResultSelection><ResultType PropType="string">Moment</ResultType></Joint><Joint ObjId="185" Type="ResultProbe" Ver="2"><BoundaryConditionId PropType="int">155</BoundaryConditionId><Caption PropType="string">Joint 3 Probe</Caption><DisplayTime PropType="double" UCat="Time" Unt="s">    0</DisplayTime><OrientationCoordSysId PropType="int">158</OrientationCoordSysId><OrientationMethod PropType="string">JointReferenceSystem</OrientationMethod><ResultSelection PropType="string">ZAxis</ResultSelection><ResultType PropType="string">RelativeAngularVelocity</ResultType></Joint><Joint ObjId="187" Type="ResultProbe" Ver="2"><BoundaryConditionId PropType="int">136</BoundaryConditionId><Caption PropType="string">Joint 2 Probe</Caption><DisplayTime PropType="double" UCat="Time" Unt="s">    0</DisplayTime><OrientationCoordSysId PropType="int">139</OrientationCoordSysId><OrientationMethod PropType="string">JointReferenceSystem</OrientationMethod><ResultSelection PropType="string">ZAxis</ResultSelection><ResultType PropType="string">RelativeAngularVelocity</ResultType></Joint></ResultProbes><FEConnectorsRep ObjId="51" Type="FEConnectorsRep" Ver="2"><StepSelection PropType="int">0</StepSelection></FEConnectorsRep><FileManagementRep ObjId="282" Type="FileManagementRep" Ver="2"><SolverFileDirectory PropType="string"/><SolverFileRelativeDirectory PropType="string"/></FileManagementRep><ProcessControls ObjId="281" Type="ProcessControls" Ver="2"><DistributedSolve PropType="bool">true</DistributedSolve><IsLocal PropType="bool">true</IsLocal><IsRSMSolve PropType="bool">false</IsRSMSolve><License PropType="string">ansys</License><ManualMemorySettings PropType="bool">false</ManualMemorySettings><MaxProcessors PropType="int">2</MaxProcessors></ProcessControls><AnalysisSettings CAEType="extObj"><SolverSettings><Version>20.1.0.0</Version><StepControls><Steps><Step EndTime="3.15" IsCurrent="True" Number="1"><AutoTimeStepping>On</AutoTimeStepping><InitialTimeStep>0.01</InitialTimeStep><MinimumTimeStep>1E-07</MinimumTimeStep><MaximumTimeStep>0.05</MaximumTimeStep></Step></Steps></StepControls><SolverControls><TimeIntegrationType Value="ProgramControlled"/><DoStaticAnalysis Value="Off"/><UseStablization Value="ProgramControlled"/><UsePositionCorrection>On</UsePositionCorrection><UseVelocityCorrection>On</UseVelocityCorrection><CorrectionType Value="ProgramControlled"/><AssemblyType Value="ProgramControlled"/><DropoffTolerance>1E-06</DropoffTolerance></SolverControls><NonlinearControls><RelativeAssemblyTolerance Value="On"><RelativeAssemblyToleranceValue>0.01</RelativeAssemblyToleranceValue></RelativeAssemblyTolerance><EnergyAccuracyTolerance Value="ProgramControlled"/><RhoInf Value="ProgramControlled"/><ForceResidualTolerance Value="ProgramControlled"/><ConstraintEquationResidualTolerance Value="ProgramControlled"/></NonlinearControls><OutputControls><OutputControlStep IsCurrent="True" Number="1"><CalculateResultsAt Value="AllTimePoints"/></OutputControlStep></OutputControls></SolverSettings></AnalysisSettings></SolverRep></CAERep>